{
    "betx": 121.59391894972725,
    "bety": 218.05954552172807,
    "alfx": 2.2942266323774425,
    "alfy": -2.6350310139721,
    "q1": 62.2700191714361,
    "q2": 60.29501883088161,
    "dq1": 15.024070498818743,
    "dq2": 14.987571385263148,
    "rf_volt_V": 6000000.0,
    "rf_freq_Hz": 400788731.382948,
    "rf_harmon": 35640.0,
    "rf_lag": 0.5,
    "length": 26658.8832,
    "alfa": 0.00034840399267425915,
    "beta0": 0.9999978262827945,
    "gamma0": 479.6050161552533,
    "p0c_eV": 449999021827.2575,
    "Qs": 0.00510131444959726
}